metric,term,reihe,estimate_canopy_height,estimate_mean_elevation,estimate_abs(mean_latitude),sig_canopy_height,sig_mean_elevation,sig_abs(mean_latitude)
species_richness,Birds,1,-0.021145181369495624,-7.045578279374293e-4,-0.14894349659504041,*,*,*
species_richness,Bats,2,-0.014077070237160592,-2.5333886846056814e-4,-0.055541054475968826,*,*,*
species_richness,Small mammals,3,0.017327787540907767,5.088506928067393e-4,0.09250627136815998,*,*,*
species_richness,Amphibians,4,0.017894464065748482,4.4904600359126214e-4,0.11197827970285046,*,*,*
abundance,Birds,1,1.6014095003881467e-5,5.410660653528052e-5,-0.002808247270554136,,,
abundance,Bats,2,2.1672122704056266e-4,3.436849691421616e-4,-0.04082888058817502,*,*,*
abundance,Small mammals,3,-1.5512145107881678e-4,-3.4182339470853603e-4,0.0299146752155354,*,*,*
abundance,Amphibians,4,-7.761387096562782e-5,-5.5968180968906185e-5,0.01372245264319389,,,
